{
    "description": "",
    "parentClass": "",
    "implementsInterfaces": "",
    "listingParentClass": "",
    "useTraits": "",
    "listingUseTraits": "",
    "allowInherit": true,
    "allowVariants": null,
    "showVariants": false,
    "generateTypeDeclarations": true,
    "layoutDefinitions": {
        "fieldtype": "panel",
        "labelWidth": 100,
        "layout": null,
        "border": false,
        "name": "pimcore_root",
        "type": null,
        "region": null,
        "title": null,
        "width": null,
        "height": null,
        "collapsible": false,
        "collapsed": false,
        "bodyStyle": null,
        "datatype": "layout",
        "permissions": null,
        "childs": [
            {
                "fieldtype": "panel",
                "labelWidth": 100,
                "layout": null,
                "border": false,
                "name": "Layout",
                "type": null,
                "region": null,
                "title": null,
                "width": null,
                "height": null,
                "collapsible": false,
                "collapsed": false,
                "bodyStyle": null,
                "datatype": "layout",
                "permissions": null,
                "childs": [
                    {
                        "fieldtype": "panel",
                        "labelWidth": 100,
                        "layout": null,
                        "border": false,
                        "name": "Layout",
                        "type": null,
                        "region": null,
                        "title": null,
                        "width": null,
                        "height": null,
                        "collapsible": false,
                        "collapsed": false,
                        "bodyStyle": null,
                        "datatype": "layout",
                        "permissions": null,
                        "childs": [
                            {
                                "fieldtype": "input",
                                "width": null,
                                "defaultValue": null,
                                "queryColumnType": "varchar",
                                "columnType": "varchar",
                                "columnLength": 190,
                                "phpdocType": "string",
                                "regex": "",
                                "unique": false,
                                "showCharCount": false,
                                "name": "code",
                                "title": "code (cmfa)",
                                "tooltip": "",
                                "mandatory": false,
                                "noteditable": true,
                                "index": false,
                                "locked": false,
                                "style": "",
                                "permissions": null,
                                "datatype": "data",
                                "relationType": false,
                                "invisible": false,
                                "visibleGridView": true,
                                "visibleSearch": true,
                                "defaultValueGenerator": ""
                            }
                        ],
                        "locked": false,
                        "icon": null
                    },
                    {
                        "fieldtype": "region",
                        "name": "Layout",
                        "type": null,
                        "region": null,
                        "title": "",
                        "width": null,
                        "height": 280,
                        "collapsible": false,
                        "collapsed": false,
                        "bodyStyle": "",
                        "datatype": "layout",
                        "permissions": null,
                        "childs": [
                            {
                                "fieldtype": "panel",
                                "labelWidth": 150,
                                "layout": null,
                                "border": false,
                                "name": "Basic Data",
                                "type": null,
                                "region": "west",
                                "title": "Basic Data",
                                "width": 500,
                                "height": null,
                                "collapsible": false,
                                "collapsed": false,
                                "bodyStyle": "",
                                "datatype": "layout",
                                "permissions": null,
                                "childs": [
                                    {
                                        "fieldtype": "input",
                                        "width": 320,
                                        "defaultValue": null,
                                        "queryColumnType": "varchar",
                                        "columnType": "varchar",
                                        "columnLength": 190,
                                        "phpdocType": "string",
                                        "regex": "",
                                        "unique": false,
                                        "showCharCount": null,
                                        "name": "attributeType",
                                        "title": "type",
                                        "tooltip": "",
                                        "mandatory": true,
                                        "noteditable": false,
                                        "index": false,
                                        "locked": false,
                                        "style": "",
                                        "permissions": null,
                                        "datatype": "data",
                                        "relationType": false,
                                        "invisible": false,
                                        "visibleGridView": false,
                                        "visibleSearch": false,
                                        "defaultValueGenerator": ""
                                    },
                                    {
                                        "fieldtype": "input",
                                        "width": 320,
                                        "defaultValue": null,
                                        "queryColumnType": "varchar",
                                        "columnType": "varchar",
                                        "columnLength": 190,
                                        "phpdocType": "string",
                                        "regex": "",
                                        "unique": false,
                                        "showCharCount": null,
                                        "name": "label",
                                        "title": "label",
                                        "tooltip": "",
                                        "mandatory": false,
                                        "noteditable": false,
                                        "index": false,
                                        "locked": false,
                                        "style": "",
                                        "permissions": null,
                                        "datatype": "data",
                                        "relationType": false,
                                        "invisible": false,
                                        "visibleGridView": false,
                                        "visibleSearch": false,
                                        "defaultValueGenerator": ""
                                    },
                                    {
                                        "fieldtype": "link",
                                        "queryColumnType": "text",
                                        "columnType": "text",
                                        "phpdocType": "\\Pimcore\\Model\\DataObject\\Data\\Link",
                                        "name": "link",
                                        "title": "Landing page link",
                                        "tooltip": "",
                                        "mandatory": false,
                                        "noteditable": false,
                                        "index": false,
                                        "locked": false,
                                        "style": "",
                                        "permissions": null,
                                        "datatype": "data",
                                        "relationType": false,
                                        "invisible": false,
                                        "visibleGridView": false,
                                        "visibleSearch": false
                                    },
                                    {
                                        "fieldtype": "select",
                                        "options": [
                                            {
                                                "key": "Yes",
                                                "value": "1"
                                            },
                                            {
                                                "key": "No",
                                                "value": "0"
                                            }
                                        ],
                                        "width": 90,
                                        "defaultValue": "1",
                                        "optionsProviderClass": "",
                                        "optionsProviderData": "",
                                        "queryColumnType": "varchar",
                                        "columnType": "varchar",
                                        "columnLength": "190",
                                        "phpdocType": "string",
                                        "dynamicOptions": false,
                                        "name": "active",
                                        "title": "active",
                                        "tooltip": "",
                                        "mandatory": false,
                                        "noteditable": false,
                                        "index": false,
                                        "locked": false,
                                        "style": "",
                                        "permissions": null,
                                        "datatype": "data",
                                        "relationType": false,
                                        "invisible": false,
                                        "visibleGridView": false,
                                        "visibleSearch": false,
                                        "defaultValueGenerator": ""
                                    }
                                ],
                                "locked": false,
                                "icon": null
                            },
                            {
                                "fieldtype": "panel",
                                "labelWidth": 240,
                                "layout": null,
                                "border": false,
                                "name": "Google Analytics",
                                "type": null,
                                "region": "center",
                                "title": "Google Analytics (optional)",
                                "width": null,
                                "height": null,
                                "collapsible": false,
                                "collapsed": false,
                                "bodyStyle": "",
                                "datatype": "layout",
                                "permissions": null,
                                "childs": [
                                    {
                                        "fieldtype": "input",
                                        "width": null,
                                        "defaultValue": null,
                                        "queryColumnType": "varchar",
                                        "columnType": "varchar",
                                        "columnLength": 190,
                                        "phpdocType": "string",
                                        "regex": "",
                                        "unique": false,
                                        "showCharCount": null,
                                        "name": "utm_source",
                                        "title": "Campaign Source (utm_source)",
                                        "tooltip": "",
                                        "mandatory": false,
                                        "noteditable": false,
                                        "index": false,
                                        "locked": false,
                                        "style": "",
                                        "permissions": null,
                                        "datatype": "data",
                                        "relationType": false,
                                        "invisible": false,
                                        "visibleGridView": false,
                                        "visibleSearch": false,
                                        "defaultValueGenerator": ""
                                    },
                                    {
                                        "fieldtype": "input",
                                        "width": null,
                                        "defaultValue": null,
                                        "queryColumnType": "varchar",
                                        "columnType": "varchar",
                                        "columnLength": 190,
                                        "phpdocType": "string",
                                        "regex": "",
                                        "unique": false,
                                        "showCharCount": null,
                                        "name": "utm_medium",
                                        "title": "Campaign Medium (utm_medium)",
                                        "tooltip": "",
                                        "mandatory": false,
                                        "noteditable": false,
                                        "index": false,
                                        "locked": false,
                                        "style": "",
                                        "permissions": null,
                                        "datatype": "data",
                                        "relationType": false,
                                        "invisible": false,
                                        "visibleGridView": false,
                                        "visibleSearch": false,
                                        "defaultValueGenerator": ""
                                    },
                                    {
                                        "fieldtype": "input",
                                        "width": null,
                                        "defaultValue": null,
                                        "queryColumnType": "varchar",
                                        "columnType": "varchar",
                                        "columnLength": 190,
                                        "phpdocType": "string",
                                        "regex": "",
                                        "unique": false,
                                        "showCharCount": null,
                                        "name": "utm_campaign",
                                        "title": "Campaign Name (utm_campaign)",
                                        "tooltip": "",
                                        "mandatory": false,
                                        "noteditable": false,
                                        "index": false,
                                        "locked": false,
                                        "style": "",
                                        "permissions": null,
                                        "datatype": "data",
                                        "relationType": false,
                                        "invisible": false,
                                        "visibleGridView": false,
                                        "visibleSearch": false,
                                        "defaultValueGenerator": ""
                                    },
                                    {
                                        "fieldtype": "input",
                                        "width": null,
                                        "defaultValue": null,
                                        "queryColumnType": "varchar",
                                        "columnType": "varchar",
                                        "columnLength": 190,
                                        "phpdocType": "string",
                                        "regex": "",
                                        "unique": false,
                                        "showCharCount": null,
                                        "name": "utm_term",
                                        "title": "Campaign Term (utm_term)",
                                        "tooltip": "",
                                        "mandatory": false,
                                        "noteditable": false,
                                        "index": false,
                                        "locked": false,
                                        "style": "",
                                        "permissions": null,
                                        "datatype": "data",
                                        "relationType": false,
                                        "invisible": false,
                                        "visibleGridView": false,
                                        "visibleSearch": false,
                                        "defaultValueGenerator": ""
                                    },
                                    {
                                        "fieldtype": "input",
                                        "width": null,
                                        "defaultValue": null,
                                        "queryColumnType": "varchar",
                                        "columnType": "varchar",
                                        "columnLength": 190,
                                        "phpdocType": "string",
                                        "regex": "",
                                        "unique": false,
                                        "showCharCount": null,
                                        "name": "utm_content",
                                        "title": "Campaign Content (utm_content)",
                                        "tooltip": "",
                                        "mandatory": false,
                                        "noteditable": false,
                                        "index": false,
                                        "locked": false,
                                        "style": "",
                                        "permissions": null,
                                        "datatype": "data",
                                        "relationType": false,
                                        "invisible": false,
                                        "visibleGridView": false,
                                        "visibleSearch": false,
                                        "defaultValueGenerator": ""
                                    }
                                ],
                                "locked": false,
                                "icon": null
                            }
                        ],
                        "locked": false,
                        "icon": null
                    },
                    {
                        "fieldtype": "block",
                        "lazyLoading": null,
                        "disallowAddRemove": null,
                        "disallowReorder": null,
                        "collapsible": false,
                        "collapsed": false,
                        "maxItems": null,
                        "columnType": "longtext",
                        "styleElement": "",
                        "phpdocType": "\\Pimcore\\Model\\DataObject\\Data\\BlockElement[][]",
                        "childs": [
                            {
                                "fieldtype": "panel",
                                "labelWidth": 80,
                                "layout": null,
                                "border": false,
                                "name": "Layout",
                                "type": null,
                                "region": null,
                                "title": "",
                                "width": null,
                                "height": null,
                                "collapsible": false,
                                "collapsed": false,
                                "bodyStyle": "",
                                "datatype": "layout",
                                "permissions": null,
                                "childs": [
                                    {
                                        "fieldtype": "input",
                                        "width": null,
                                        "defaultValue": null,
                                        "queryColumnType": "varchar",
                                        "columnType": "varchar",
                                        "columnLength": 190,
                                        "phpdocType": "string",
                                        "regex": "",
                                        "unique": false,
                                        "showCharCount": null,
                                        "name": "attribute",
                                        "title": "attribute",
                                        "tooltip": "",
                                        "mandatory": true,
                                        "noteditable": false,
                                        "index": false,
                                        "locked": false,
                                        "style": "float: left; margin-right: 60px;",
                                        "permissions": null,
                                        "datatype": "data",
                                        "relationType": false,
                                        "invisible": false,
                                        "visibleGridView": false,
                                        "visibleSearch": false,
                                        "defaultValueGenerator": ""
                                    },
                                    {
                                        "fieldtype": "input",
                                        "width": null,
                                        "defaultValue": null,
                                        "queryColumnType": "varchar",
                                        "columnType": "varchar",
                                        "columnLength": 190,
                                        "phpdocType": "string",
                                        "regex": "",
                                        "unique": null,
                                        "showCharCount": null,
                                        "name": "attributeValue",
                                        "title": "value",
                                        "tooltip": "",
                                        "mandatory": false,
                                        "noteditable": false,
                                        "index": false,
                                        "locked": false,
                                        "style": "float:left;",
                                        "permissions": null,
                                        "datatype": "data",
                                        "relationType": false,
                                        "invisible": false,
                                        "visibleGridView": false,
                                        "visibleSearch": false,
                                        "defaultValueGenerator": ""
                                    }
                                ],
                                "locked": false,
                                "icon": null
                            }
                        ],
                        "layout": null,
                        "fieldDefinitionsCache": null,
                        "name": "attributes",
                        "title": "Additional attributes",
                        "tooltip": "",
                        "mandatory": false,
                        "noteditable": false,
                        "index": false,
                        "locked": false,
                        "style": "",
                        "permissions": null,
                        "datatype": "data",
                        "relationType": false,
                        "invisible": false,
                        "visibleGridView": false,
                        "visibleSearch": false
                    }
                ],
                "locked": false,
                "icon": null
            }
        ],
        "locked": false,
        "icon": null
    },
    "icon": "\/bundles\/pimcoreadmin\/img\/flat-color-icons\/sports_mode.svg",
    "previewUrl": "\/__customermanagementframework\/object-preview\/link-activity-definition-preview",
    "group": "CustomerManagement",
    "showAppLoggerTab": false,
    "linkGeneratorReference": "@CustomerManagementFrameworkBundle\\LinkGenerator\\LinkActivityDefinitionLinkGenerator",
    "compositeIndices": [],
    "showFieldLookup": false,
    "propertyVisibility": {
        "grid": {
            "id": true,
            "key": false,
            "path": true,
            "published": true,
            "modificationDate": false,
            "creationDate": false
        },
        "search": {
            "id": true,
            "key": false,
            "path": true,
            "published": true,
            "modificationDate": false,
            "creationDate": false
        }
    },
    "enableGridLocking": false
}
